{
  "project_info": {
    "project_number": "128986928931",
    "project_id": "bmf123",
    "storage_bucket": "bmf123.firebasestorage.app"
  },
  "client": [
    {
      "client_info": {
        "mobilesdk_app_id": "1:128986928931:android:49473349dfd03ac8005e96",
        "android_client_info": {
          "package_name": "com.example.myapplication"
        }
      },
      "oauth_client": [],
      "api_key": [
        {
          "current_key": "AIzaSyD7T0aykwljKceeYbK8cue8-g_0MZafUqY"
        }
      ],
      "services": {
        "appinvite_service": {
          "other_platform_oauth_client": []
        }
      }
    }
  ],
  "configuration_version": "1"
}